ID,Name,Date,Time,Event,Status,Latitude,Longitude,Maximum Wind,Minimum Pressure,Low Wind NE,Low Wind SE,Low Wind SW,Low Wind NW,Moderate Wind NE,Moderate Wind SE,Moderate Wind SW,Moderate Wind NW,High Wind NE,High Wind SE,High Wind SW,High Wind NW,Timestamp
AL252005,              WILMA,20051019,1200,  , HU,17.3N,82.8W,160,882,170,125,90,140,70,45,45,70,45,20,20,45,2005-10-19 12:00:00
AL081988,            GILBERT,19880914,0,  , HU,19.7N,83.8W,160,888,-999,-999,-999,-999,-999,-999,-999,-999,-999,-999,-999,-999,1988-09-14 00:00:00
AL182005,               RITA,20050922,300, I, HU,24.7N,87.3W,155,895,-999,-999,-999,-999,-999,-999,-999,-999,-999,-999,-999,-999,2005-09-22 03:00:00
AL041980,              ALLEN,19800807,1800,  , HU,21.8N,86.4W,165,899,-999,-999,-999,-999,-999,-999,-999,-999,-999,-999,-999,-999,1980-08-07 18:00:00
AL122005,            KATRINA,20050828,1800,  , HU,26.3N,88.6W,150,902,200,180,125,180,120,120,75,120,90,90,50,90,2005-08-28 18:00:00
AL042007,               DEAN,20070821,830, L, HU,18.7N,87.7W,150,905,-999,-999,-999,-999,-999,-999,-999,-999,-999,-999,-999,-999,2007-08-21 08:30:00
AL131998,              MITCH,19981026,1800,  , HU,16.9N,83.1W,155,905,-999,-999,-999,-999,-999,-999,-999,-999,-999,-999,-999,-999,1998-10-26 18:00:00
AL092004,               IVAN,20040913,2100, P, HU,22.1N,84.8W,140,910,-999,-999,-999,-999,-999,-999,-999,-999,-999,-999,-999,-999,2004-09-13 21:00:00
AL132003,             ISABEL,20030911,1800,  , HU,21.5N,54.8W,145,915,-999,-999,-999,-999,-999,-999,-999,-999,-999,-999,-999,-999,2003-09-11 18:00:00
AL171995,               OPAL,19951004,1000, I, HU,26.6N,88.8W,130,916,-999,-999,-999,-999,-999,-999,-999,-999,-999,-999,-999,-999,1995-10-04 10:00:00
AL111989,               HUGO,19890915,1800,  , HU,14.6N,54.6W,140,918,-999,-999,-999,-999,-999,-999,-999,-999,-999,-999,-999,-999,1989-09-15 18:00:00
AL091985,             GLORIA,19850925,0,  , HU,24.2N,70.0W,120,920,-999,-999,-999,-999,-999,-999,-999,-999,-999,-999,-999,-999,1985-09-25 00:00:00
AL081999,              FLOYD,19990913,1200,  , HU,23.9N,71.4W,135,921,-999,-999,-999,-999,-999,-999,-999,-999,-999,-999,-999,-999,1999-09-13 12:00:00
AL041992,             ANDREW,19920824,905, L, HU,25.5N,80.3W,145,922,-999,-999,-999,-999,-999,-999,-999,-999,-999,-999,-999,-999,1992-08-24 09:05:00
AL112010,               IGOR,20100915,0,  , HU,18.9N,53.5W,135,924,210,150,130,160,100,70,60,90,45,30,30,45,2010-09-15 00:00:00
AL091979,              DAVID,19790830,1800,  , HU,16.6N,66.2W,150,924,-999,-999,-999,-999,-999,-999,-999,-999,-999,-999,-999,-999,1979-08-30 18:00:00
AL051977,              ANITA,19770902,600,  , HU,24.2N,97.1W,150,926,-999,-999,-999,-999,-999,-999,-999,-999,-999,-999,-999,-999,1977-09-02 06:00:00
AL072010,               EARL,20100902,600,  , HU,28.6N,74.3W,125,927,200,180,120,180,120,120,80,100,80,70,40,60,2010-09-02 06:00:00
AL052005,              EMILY,20050717,0,  , HU,17.1N,79.5W,140,929,130,80,50,110,90,30,25,50,50,20,15,30,2005-07-17 00:00:00
AL062007,              FELIX,20070903,700, I, HU,14.0N,75.3W,150,929,-999,-999,-999,-999,-999,-999,-999,-999,-999,-999,-999,-999,2007-09-03 07:00:00
AL071995,              FELIX,19950812,1800,  , HU,24.3N,61.0W,120,929,-999,-999,-999,-999,-999,-999,-999,-999,-999,-999,-999,-999,1995-08-12 18:00:00
AL042005,             DENNIS,20050710,1200,  , HU,28.5N,86.3W,120,930,175,200,90,115,100,75,30,50,25,25,15,25,2005-07-10 12:00:00
AL091999,               GERT,19990916,0,  , HU,17.8N,50.8W,130,930,-999,-999,-999,-999,-999,-999,-999,-999,-999,-999,-999,-999,1999-09-16 00:00:00
AL112015,            JOAQUIN,20151002,0,  , HU,22.9N,74.4W,120,931,120,170,130,120,70,70,60,70,40,35,40,40,2015-10-02 00:00:00
AL031961,              CARLA,19610911,1800,  , HU,28.0N,96.4W,125,931,-999,-999,-999,-999,-999,-999,-999,-999,-999,-999,-999,-999,1961-09-11 18:00:00
AL111988,               JOAN,19881022,600,  , HU,11.9N,83.2W,125,932,-999,-999,-999,-999,-999,-999,-999,-999,-999,-999,-999,-999,1988-10-22 06:00:00
AL051996,            EDOUARD,19960825,600,  , HU,15.4N,47.0W,125,933,-999,-999,-999,-999,-999,-999,-999,-999,-999,-999,-999,-999,1996-08-25 06:00:00
AL161999,              LENNY,19991117,1800, L, HU,17.4N,64.8W,135,933,-999,-999,-999,-999,-999,-999,-999,-999,-999,-999,-999,-999,1999-11-17 18:00:00
AL152001,           MICHELLE,20011103,1800,  , HU,19.3N,84.1W,110,934,-999,-999,-999,-999,-999,-999,-999,-999,-999,-999,-999,-999,2001-11-03 18:00:00
AL102002,            ISIDORE,20020922,1200,  , HU,21.9N,88.2W,110,934,-999,-999,-999,-999,-999,-999,-999,-999,-999,-999,-999,-999,2002-09-22 12:00:00
AL062004,            FRANCES,20040901,700, P, HU,21.1N,68.1W,120,935,-999,-999,-999,-999,-999,-999,-999,-999,-999,-999,-999,-999,2004-09-01 07:00:00
AL131995,               LUIS,19950908,0,  , HU,24.3N,68.0W,110,935,-999,-999,-999,-999,-999,-999,-999,-999,-999,-999,-999,-999,1995-09-08 00:00:00
AL101989,          GABRIELLE,19890903,2046, P, HU,16.8N,50.9W,105,935,-999,-999,-999,-999,-999,-999,-999,-999,-999,-999,-999,-999,1989-09-03 20:46:00
AL081996,           HORTENSE,19960913,0,  , HU,25.9N,71.5W,120,935,-999,-999,-999,-999,-999,-999,-999,-999,-999,-999,-999,-999,1996-09-13 00:00:00
AL092008,                IKE,20080904,600,  , HU,22.4N,55.0W,125,935,115,100,90,120,75,50,40,60,30,25,20,25,2008-09-04 06:00:00
AL071998,            GEORGES,19980920,600,  , HU,16.0N,56.3W,135,937,-999,-999,-999,-999,-999,-999,-999,-999,-999,-999,-999,-999,1998-09-20 06:00:00
AL132002,               LILI,20021002,2013, I, HU,25.9N,89.9W,125,938,-999,-999,-999,-999,-999,-999,-999,-999,-999,-999,-999,-999,2002-10-02 20:13:00
AL122004,               KARL,20040921,600,  , HU,19.6N,47.3W,125,938,225,200,150,225,90,90,60,90,60,60,45,60,2004-09-21 06:00:00
AL091988,             HELENE,19880923,1800,  , HU,15.3N,46.1W,125,938,-999,-999,-999,-999,-999,-999,-999,-999,-999,-999,-999,-999,1988-09-23 18:00:00
AL152000,              KEITH,20001001,700, I, HU,17.9N,87.3W,120,939,-999,-999,-999,-999,-999,-999,-999,-999,-999,-999,-999,-999,2000-10-01 07:00:00
AL102003,             FABIAN,20030904,0,  , HU,23.2N,63.0W,115,939,-999,-999,-999,-999,-999,-999,-999,-999,-999,-999,-999,-999,2003-09-04 00:00:00
AL151975,             GLADYS,19751002,1800,  , HU,37.8N,67.0W,120,939,-999,-999,-999,-999,-999,-999,-999,-999,-999,-999,-999,-999,1975-10-02 18:00:00
AL162011,            OPHELIA,20111002,0,  , HU,32.8N,62.5W,120,940,180,180,80,90,60,60,40,40,30,30,20,20,2011-10-02 00:00:00
AL082014,            GONZALO,20141016,1200,  , HU,25.6N,68.7W,125,940,130,130,90,110,70,70,50,50,40,40,25,35,2014-10-16 12:00:00
AL182012,              SANDY,20121029,1800,  , HU,38.3N,73.2W,80,940,420,420,400,420,220,150,200,150,180,80,120,0,2012-10-29 18:00:00
AL032004,            CHARLEY,20040813,1945, L, HU,26.6N,82.2W,130,941,-999,-999,-999,-999,-999,-999,-999,-999,-999,-999,-999,-999,2004-08-13 19:45:00
AL072008,             GUSTAV,20080830,2200, L, HU,22.4N,83.1W,135,941,155,120,95,125,100,90,50,65,60,45,20,30,2008-08-30 22:00:00
AL122011,              KATIA,20110906,0,  , HU,25.6N,64.0W,120,942,180,120,110,140,80,70,60,70,50,50,40,50,2011-09-06 00:00:00
AL062010,           DANIELLE,20100827,1800,  , HU,27.1N,60.1W,115,942,180,150,130,150,90,75,75,90,50,50,35,50,2010-08-27 18:00:00
AL092011,              IRENE,20110826,600,  , HU,28.8N,77.3W,90,942,250,200,130,175,125,105,75,75,80,80,50,50,2011-08-26 06:00:00
AL041999,              CINDY,19990828,1200,  , HU,30.1N,58.0W,120,942,-999,-999,-999,-999,-999,-999,-999,-999,-999,-999,-999,-999,1999-08-28 12:00:00
AL132000,              ISAAC,20000928,1800,  , HU,26.6N,54.2W,120,943,-999,-999,-999,-999,-999,-999,-999,-999,-999,-999,-999,-999,2000-09-28 18:00:00
AL111979,           FREDERIC,19790912,1200,  , HU,27.4N,87.0W,115,943,-999,-999,-999,-999,-999,-999,-999,-999,-999,-999,-999,-999,1979-09-12 12:00:00
AL032009,               BILL,20090821,0,  , HU,24.1N,63.7W,110,943,225,200,120,200,130,105,60,105,100,45,30,90,2009-08-21 00:00:00
AL031999,               BRET,19990822,1200,  , HU,26.2N,96.1W,125,944,-999,-999,-999,-999,-999,-999,-999,-999,-999,-999,-999,-999,1999-08-22 12:00:00
AL061991,          CLAUDETTE,19910907,1000, I, HU,27.0N,61.5W,115,944,-999,-999,-999,-999,-999,-999,-999,-999,-999,-999,-999,-999,1991-09-07 10:00:00
AL172008,             PALOMA,20081108,1200,  , HU,19.8N,79.6W,125,944,110,70,60,90,60,35,30,40,25,25,25,25,2008-11-08 12:00:00
AL012010,               ALEX,20100701,200, L, HU,24.2N,97.7W,95,946,180,180,120,120,90,90,60,50,50,30,15,15,2010-07-01 02:00:00
AL161981,             HARVEY,19810915,0,  , HU,28.4N,62.6W,115,946,-999,-999,-999,-999,-999,-999,-999,-999,-999,-999,-999,-999,1981-09-15 00:00:00
AL071997,              ERIKA,19970909,600,  , HU,25.2N,61.4W,110,946,-999,-999,-999,-999,-999,-999,-999,-999,-999,-999,-999,-999,1997-09-09 06:00:00
AL061996,               FRAN,19960905,0,  , HU,28.6N,76.1W,105,946,-999,-999,-999,-999,-999,-999,-999,-999,-999,-999,-999,-999,1996-09-05 00:00:00
AL122010,              JULIA,20100915,1200,  , HU,17.7N,32.2W,120,948,105,75,75,90,40,30,30,30,30,20,20,20,2010-09-15 12:00:00
AL112001,               IRIS,20011009,200, L, HU,16.3N,88.4W,125,948,-999,-999,-999,-999,-999,-999,-999,-999,-999,-999,-999,-999,2001-10-09 02:00:00
AL101984,              DIANA,19840912,0,  , HU,33.9N,77.7W,115,949,-999,-999,-999,-999,-999,-999,-999,-999,-999,-999,-999,-999,1984-09-12 00:00:00
AL151995,            MARILYN,19950917,300, I, HU,20.7N,67.1W,100,949,-999,-999,-999,-999,-999,-999,-999,-999,-999,-999,-999,-999,1995-09-17 03:00:00
AL031991,                BOB,19910819,600,  , HU,36.5N,74.5W,100,950,-999,-999,-999,-999,-999,-999,-999,-999,-999,-999,-999,-999,1991-08-19 06:00:00
AL061982,              DEBBY,19820918,0,  , HU,38.8N,62.3W,115,950,-999,-999,-999,-999,-999,-999,-999,-999,-999,-999,-999,-999,1982-09-18 00:00:00
AL112004,             JEANNE,20040926,400, L, HU,27.2N,80.2W,105,950,-999,-999,-999,-999,-999,-999,-999,-999,-999,-999,-999,-999,2004-09-26 04:00:00
AL032000,            ALBERTO,20000812,1200,  , HU,35.9N,55.3W,110,950,-999,-999,-999,-999,-999,-999,-999,-999,-999,-999,-999,-999,2000-08-12 12:00:00
AL022008,             BERTHA,20080707,2100, I, HU,20.3N,51.9W,110,952,100,60,45,100,50,30,20,50,20,0,0,20,2008-07-07 21:00:00
AL162003,               KATE,20031004,1800,  , HU,30.2N,54.0W,110,952,-999,-999,-999,-999,-999,-999,-999,-999,-999,-999,-999,-999,2003-10-04 18:00:00
AL051985,              ELENA,19850902,0,  , HU,29.4N,85.9W,110,953,-999,-999,-999,-999,-999,-999,-999,-999,-999,-999,-999,-999,1985-09-02 00:00:00
AL131985,               KATE,19851121,0,  , HU,26.8N,86.5W,105,954,-999,-999,-999,-999,-999,-999,-999,-999,-999,-999,-999,-999,1985-11-21 00:00:00
AL021998,             BONNIE,19980824,0,  , HU,24.8N,71.8W,100,954,-999,-999,-999,-999,-999,-999,-999,-999,-999,-999,-999,-999,1998-08-24 00:00:00
AL131975,             ELOISE,19750923,1200,  , HU,30.2N,86.3W,110,955,-999,-999,-999,-999,-999,-999,-999,-999,-999,-999,-999,-999,1975-09-23 12:00:00
AL062014,            EDOUARD,20140917,1800,  , HU,37.2N,52.4W,80,955,150,200,150,90,80,120,100,50,40,70,50,0,2014-09-17 18:00:00
AL082006,             GORDON,20060914,0,  , HU,27.3N,57.4W,105,955,120,120,85,85,50,50,40,50,25,25,10,25,2006-09-14 00:00:00
AL092006,             HELENE,20060918,600,  , HU,22.0N,49.4W,105,955,175,150,100,125,90,65,45,60,45,40,30,35,2006-09-18 06:00:00
AL191995,            ROXANNE,19951010,2152, I, HU,20.0N,86.7W,100,956,-999,-999,-999,-999,-999,-999,-999,-999,-999,-999,-999,-999,1995-10-10 21:52:00
AL132010,               KARL,20100917,1200,  , HU,19.6N,95.6W,110,956,80,70,70,80,40,30,30,40,20,15,15,20,2010-09-17 12:00:00
AL081990,             GUSTAV,19900831,600,  , HU,30.3N,57.5W,105,956,-999,-999,-999,-999,-999,-999,-999,-999,-999,-999,-999,-999,1990-08-31 06:00:00
AL101978,               ELLA,19780904,1200,  , HU,40.0N,63.0W,120,956,-999,-999,-999,-999,-999,-999,-999,-999,-999,-999,-999,-999,1978-09-04 12:00:00
AL071976,              BELLE,19760809,0,  , HU,30.9N,75.3W,105,957,-999,-999,-999,-999,-999,-999,-999,-999,-999,-999,-999,-999,1976-08-09 00:00:00
AL012004,               ALEX,20040805,600,  , HU,39.5N,63.1W,105,957,80,225,200,75,50,80,60,50,30,50,30,20,2004-08-05 06:00:00
AL072009,               FRED,20090909,1200,  , HU,13.6N,32.1W,105,958,105,105,45,60,45,45,25,30,25,25,15,25,2009-09-09 12:00:00
AL121980,            FRANCES,19800909,600,  , HU,12.9N,30.5W,100,958,-999,-999,-999,-999,-999,-999,-999,-999,-999,-999,-999,-999,1980-09-09 06:00:00
AL152008,               OMAR,20081016,600,  , HU,18.2N,63.9W,115,958,120,120,75,45,60,75,40,40,25,30,25,15,2008-10-16 06:00:00
AL131999,              IRENE,19991018,756, I, HU,35.4N,74.4W,95,958,-999,-999,-999,-999,-999,-999,-999,-999,-999,-999,-999,-999,1999-10-18 07:56:00
AL121987,              EMILY,19870922,1800,  , HU,16.7N,69.1W,110,958,-999,-999,-999,-999,-999,-999,-999,-999,-999,-999,-999,-999,1987-09-22 18:00:00
AL181981,              IRENE,19810928,1200,  , HU,27.0N,56.7W,105,959,-999,-999,-999,-999,-999,-999,-999,-999,-999,-999,-999,-999,1981-09-28 12:00:00
AL082002,             GUSTAV,20020912,430, L, HU,45.6N,60.4W,80,960,-999,-999,-999,-999,-999,-999,-999,-999,-999,-999,-999,-999,2002-09-12 04:30:00
AL051993,              EMILY,19930901,0,  , HU,35.6N,74.9W,100,960,-999,-999,-999,-999,-999,-999,-999,-999,-999,-999,-999,-999,1993-09-01 00:00:00
AL041998,           DANIELLE,19980903,600,  , HU,42.1N,57.5W,70,960,-999,-999,-999,-999,-999,-999,-999,-999,-999,-999,-999,-999,1998-09-03 06:00:00
AL091996,            ISIDORE,19960928,0,  , HU,15.8N,42.9W,100,960,-999,-999,-999,-999,-999,-999,-999,-999,-999,-999,-999,-999,1996-09-28 00:00:00
AL021996,             BERTHA,19960709,600,  , HU,20.3N,67.7W,100,960,-999,-999,-999,-999,-999,-999,-999,-999,-999,-999,-999,-999,1996-07-09 06:00:00
AL121996,               LILI,19961019,1200,  , HU,24.4N,74.0W,100,960,-999,-999,-999,-999,-999,-999,-999,-999,-999,-999,-999,-999,1996-10-19 12:00:00
AL042015,              DANNY,20150821,1200,  , HU,13.8N,47.8W,110,960,50,30,30,50,30,20,20,30,15,10,10,15,2015-08-21 12:00:00
AL031983,             ALICIA,19830818,700, L, HU,29.1N,95.1W,100,962,-999,-999,-999,-999,-999,-999,-999,-999,-999,-999,-999,-999,1983-08-18 07:00:00
AL272005,               BETA,20051030,600,  , HU,13.3N,83.1W,100,962,50,50,50,50,25,25,25,25,15,15,15,15,2005-10-30 06:00:00
AL051999,             DENNIS,19990830,600,  , HU,32.8N,77.6W,90,962,-999,-999,-999,-999,-999,-999,-999,-999,-999,-999,-999,-999,1999-08-30 06:00:00
AL142005,              MARIA,20050906,0,  , HU,32.6N,56.6W,100,962,100,100,60,80,50,50,30,40,20,20,20,20,2005-09-06 00:00:00
AL072001,              FELIX,20010914,600,  , HU,29.3N,46.6W,100,962,-999,-999,-999,-999,-999,-999,-999,-999,-999,-999,-999,-999,2001-09-14 06:00:00
AL042008,              DOLLY,20080723,1400, I, HU,26.0N,96.8W,85,963,120,120,100,100,50,50,50,40,20,20,20,20,2008-07-23 14:00:00
AL071975,           CAROLINE,19750831,1200,  , HU,24.3N,97.8W,90,963,-999,-999,-999,-999,-999,-999,-999,-999,-999,-999,-999,-999,1975-08-31 12:00:00
AL132012,            MICHAEL,20120906,1200,  , HU,29.9N,41.4W,100,964,60,60,30,40,30,30,20,20,15,15,10,10,2012-09-06 12:00:00
AL042004,           DANIELLE,20040816,1800,  , HU,19.0N,38.2W,95,964,75,90,60,60,60,60,40,40,25,25,20,20,2004-08-16 18:00:00
AL051992,             BONNIE,19920921,1800,  , HU,37.5N,52.3W,95,965,-999,-999,-999,-999,-999,-999,-999,-999,-999,-999,-999,-999,1992-09-21 18:00:00
AL061992,            CHARLEY,19920924,1800,  , HU,36.1N,34.1W,95,965,-999,-999,-999,-999,-999,-999,-999,-999,-999,-999,-999,-999,1992-09-24 18:00:00
AL161984,          JOSEPHINE,19841015,0,  , HU,35.9N,69.8W,70,965,-999,-999,-999,-999,-999,-999,-999,-999,-999,-999,-999,-999,1984-10-15 00:00:00
AL101995,               IRIS,19950901,600,  , HU,25.5N,58.8W,95,965,-999,-999,-999,-999,-999,-999,-999,-999,-999,-999,-999,-999,1995-09-01 06:00:00
AL172000,            MICHAEL,20001019,1800,  , HU,44.0N,58.5W,85,965,-999,-999,-999,-999,-999,-999,-999,-999,-999,-999,-999,-999,2000-10-19 18:00:00
AL092012,              ISAAC,20120829,300, T, HU,29.0N,89.7W,70,965,180,150,150,140,90,90,60,50,50,60,0,0,2012-08-29 03:00:00
AL082012,             GORDON,20120819,0,  , HU,34.3N,35.0W,95,965,80,110,110,80,40,60,60,40,20,30,30,20,2012-08-19 00:00:00
AL081975,              DORIS,19750902,600,  , HU,36.4N,44.5W,95,965,-999,-999,-999,-999,-999,-999,-999,-999,-999,-999,-999,-999,1975-09-02 06:00:00
AL042014,          CRISTOBAL,20140829,0,  , HU,39.1N,58.8W,75,965,180,220,220,60,90,100,80,40,30,60,20,20,2014-08-29 00:00:00
AL182011,               RINA,20111026,0,  , HU,17.4N,84.6W,100,966,75,75,75,100,35,50,45,35,20,20,20,25,2011-10-26 00:00:00
AL131981,              EMILY,19810905,1800,  , HU,39.4N,59.9W,80,966,-999,-999,-999,-999,-999,-999,-999,-999,-999,-999,-999,-999,1981-09-05 18:00:00
AL071989,               ERIN,19890825,0,  , HU,36.3N,42.4W,90,968,-999,-999,-999,-999,-999,-999,-999,-999,-999,-999,-999,-999,1989-08-25 00:00:00
AL051989,               DEAN,19890807,0,  , HU,34.0N,64.9W,90,968,-999,-999,-999,-999,-999,-999,-999,-999,-999,-999,-999,-999,1989-08-07 00:00:00
AL122012,             LESLIE,20120911,600,  , HU,44.0N,57.3W,65,968,270,270,180,150,120,140,60,60,30,30,0,0,2012-09-11 06:00:00
AL062001,               ERIN,20010909,1800,  , HU,32.4N,62.8W,105,968,-999,-999,-999,-999,-999,-999,-999,-999,-999,-999,-999,-999,2001-09-09 18:00:00
AL091995,           HUMBERTO,19950824,1800,  , HU,15.7N,43.2W,95,968,-999,-999,-999,-999,-999,-999,-999,-999,-999,-999,-999,-999,1995-08-24 18:00:00
AL152003,               JUAN,20030927,1800,  , HU,35.5N,63.2W,90,969,-999,-999,-999,-999,-999,-999,-999,-999,-999,-999,-999,-999,2003-09-27 18:00:00
AL172012,             RAFAEL,20121016,1200,  , HU,27.6N,64.9W,80,969,180,180,90,130,80,60,40,60,30,30,30,30,2012-10-16 12:00:00
AL101998,             JEANNE,19980924,1800,  , HU,17.0N,35.4W,90,969,-999,-999,-999,-999,-999,-999,-999,-999,-999,-999,-999,-999,1998-09-24 18:00:00
AL081993,               GERT,19930920,2100, L, HU,21.2N,97.5W,85,970,-999,-999,-999,-999,-999,-999,-999,-999,-999,-999,-999,-999,1993-09-20 21:00:00
AL102001,           HUMBERTO,20010926,1200,  , HU,41.0N,59.2W,90,970,-999,-999,-999,-999,-999,-999,-999,-999,-999,-999,-999,-999,2001-09-26 12:00:00
AL092005,              IRENE,20050816,1800,  , HU,36.5N,62.0W,90,970,70,100,100,70,30,50,50,30,20,20,20,0,2005-08-16 18:00:00
AL141980,               IVAN,19801006,1800,  , HU,28.1N,31.1W,90,970,-999,-999,-999,-999,-999,-999,-999,-999,-999,-999,-999,-999,1980-10-06 18:00:00
AL171976,             GLORIA,19760930,0,  , HU,31.1N,60.2W,80,970,-999,-999,-999,-999,-999,-999,-999,-999,-999,-999,-999,-999,1976-09-30 00:00:00
AL111998,               KARL,19980927,600,  , HU,35.5N,45.2W,90,970,-999,-999,-999,-999,-999,-999,-999,-999,-999,-999,-999,-999,1998-09-27 06:00:00
AL112012,               KIRK,20120831,600,  , HU,29.6N,50.7W,90,970,60,40,30,50,30,20,20,30,15,10,10,15,2012-08-31 06:00:00
AL121985,               JUAN,19851028,1800,  , HU,29.3N,93.0W,75,971,-999,-999,-999,-999,-999,-999,-999,-999,-999,-999,-999,-999,1985-10-28 18:00:00
AL181984,              KLAUS,19841111,0,  , HU,29.5N,53.0W,75,971,-999,-999,-999,-999,-999,-999,-999,-999,-999,-999,-999,-999,1984-11-11 00:00:00
AL211995,              TANYA,19951031,600,  , HU,35.4N,48.3W,75,972,-999,-999,-999,-999,-999,-999,-999,-999,-999,-999,-999,-999,1995-10-31 06:00:00
AL012014,             ARTHUR,20140704,600,  , HU,35.3N,76.0W,85,972,100,110,90,40,50,80,50,30,30,35,30,20,2014-07-04 06:00:00
AL111994,           FLORENCE,19941107,1800,  , HU,35.4N,53.1W,90,972,-999,-999,-999,-999,-999,-999,-999,-999,-999,-999,-999,-999,1994-11-07 18:00:00
AL172001,               OLGA,20011127,600,  , HU,32.6N,57.0W,80,973,-999,-999,-999,-999,-999,-999,-999,-999,-999,-999,-999,-999,2001-11-27 06:00:00
AL051995,               ERIN,19950803,1330, I, HU,30.0N,86.8W,85,973,-999,-999,-999,-999,-999,-999,-999,-999,-999,-999,-999,-999,1995-08-03 13:30:00
AL031990,             BERTHA,19900802,0,  , HU,44.2N,60.5W,70,973,-999,-999,-999,-999,-999,-999,-999,-999,-999,-999,-999,-999,1990-08-02 00:00:00
AL052012,            ERNESTO,20120808,600,  , HU,18.8N,88.3W,80,973,140,140,40,70,60,40,20,30,30,20,0,10,2012-08-08 06:00:00
AL072006,           FLORENCE,20060911,1200,  , HU,32.4N,65.7W,75,974,250,175,90,175,80,80,40,40,60,60,30,30,2006-09-11 12:00:00
AL032012,              CHRIS,20120621,1200,  , HU,40.5N,43.9W,75,974,70,80,60,50,40,40,30,25,20,20,10,10,2012-06-21 12:00:00
AL141981,              FLOYD,19810907,1200,  , HU,28.4N,68.5W,100,975,-999,-999,-999,-999,-999,-999,-999,-999,-999,-999,-999,-999,1981-09-07 12:00:00
AL141979,             GLORIA,19790912,1800,  , HU,33.2N,47.8W,85,975,-999,-999,-999,-999,-999,-999,-999,-999,-999,-999,-999,-999,1979-09-12 18:00:00
AL091998,               IVAN,19980926,600,  , HU,39.2N,36.3W,80,975,-999,-999,-999,-999,-999,-999,-999,-999,-999,-999,-999,-999,1998-09-26 06:00:00
AL112009,                IDA,20091108,1800,  , HU,21.9N,86.2W,85,975,120,90,45,90,60,30,30,30,30,15,15,15,2009-11-08 18:00:00
AL142000,              JOYCE,20000928,1200,  , HU,11.7N,43.8W,80,975,-999,-999,-999,-999,-999,-999,-999,-999,-999,-999,-999,-999,2000-09-28 12:00:00
AL061980,             BONNIE,19800816,1800,  , HU,25.8N,39.4W,85,975,-999,-999,-999,-999,-999,-999,-999,-999,-999,-999,-999,-999,1980-08-16 18:00:00
AL172010,               OTTO,20101009,0,  , HU,27.2N,61.7W,75,976,110,190,60,70,40,60,40,0,20,25,15,0,2010-10-09 00:00:00
AL101992,            FRANCES,19921024,1800,  , HU,32.1N,57.4W,75,976,-999,-999,-999,-999,-999,-999,-999,-999,-999,-999,-999,-999,1992-10-24 18:00:00
AL172011,           PHILIPPE,20111007,0,  , HU,28.7N,58.8W,80,976,60,75,60,75,45,45,35,35,25,25,20,15,2011-10-07 00:00:00
AL162005,            OPHELIA,20050910,1200,  , HU,31.5N,76.6W,65,976,105,105,75,120,50,50,35,35,0,25,0,0,2005-09-10 12:00:00
AL192010,            RICHARD,20101025,30, L, HU,17.2N,88.3W,85,977,90,60,50,60,30,20,20,30,15,10,10,15,2010-10-25 03:00:00
AL202005,               STAN,20051004,1200, L, HU,18.6N,94.9W,70,977,90,75,75,75,45,30,30,30,15,15,15,15,2005-10-04 12:00:00
AL141975,               FAYE,19750928,1800,  , HU,42.3N,52.0W,75,977,-999,-999,-999,-999,-999,-999,-999,-999,-999,-999,-999,-999,1975-09-28 18:00:00
AL082008,              HANNA,20080902,0, L, HU,21.8N,72.3W,75,977,150,150,100,100,90,90,60,60,40,0,0,40,2008-09-02 00:00:00
AL021972,              AGNES,19720619,600,  , HU,27.2N,85.7W,75,978,-999,-999,-999,-999,-999,-999,-999,-999,-999,-999,-999,-999,1972-06-19 06:00:00
AL142012,             NADINE,20120930,1200,  , HU,36.8N,38.3W,80,978,100,70,60,80,40,30,30,40,25,20,10,20,2012-09-30 12:00:00
AL101990,            ISIDORE,19900907,1200,  , HU,18.5N,37.6W,85,978,-999,-999,-999,-999,-999,-999,-999,-999,-999,-999,-999,-999,1990-09-07 12:00:00
AL141998,             NICOLE,19981201,0,  , HU,35.1N,37.9W,75,979,-999,-999,-999,-999,-999,-999,-999,-999,-999,-999,-999,-999,1998-12-01 00:00:00
AL141999,               JOSE,19991020,600,  , HU,16.3N,60.2W,80,979,-999,-999,-999,-999,-999,-999,-999,-999,-999,-999,-999,-999,1999-10-20 06:00:00
AL081989,              FELIX,19890906,600,  , HU,37.2N,48.1W,75,979,-999,-999,-999,-999,-999,-999,-999,-999,-999,-999,-999,-999,1989-09-06 06:00:00
AL152005,               NATE,20050909,0,  , HU,32.6N,61.1W,80,979,200,180,90,120,75,75,30,75,25,25,20,20,2005-09-09 00:00:00
AL041994,              CHRIS,19940819,600,  , HU,18.0N,51.9W,70,979,-999,-999,-999,-999,-999,-999,-999,-999,-999,-999,-999,-999,1994-08-19 06:00:00
AL042003,          CLAUDETTE,20030715,1530, L, HU,28.3N,96.2W,80,979,-999,-999,-999,-999,-999,-999,-999,-999,-999,-999,-999,-999,2003-07-15 15:30:00
AL092013,           HUMBERTO,20130911,1800,  , HU,17.4N,28.9W,80,979,120,100,60,90,60,40,30,40,30,20,0,20,2013-09-11 18:00:00
AL091986,               EARL,19860914,1200,  , HU,30.6N,52.4W,90,979,-999,-999,-999,-999,-999,-999,-999,-999,-999,-999,-999,-999,1986-09-14 12:00:00
AL101977,            DOROTHY,19770929,0,  , HU,38.3N,57.0W,75,980,-999,-999,-999,-999,-999,-999,-999,-999,-999,-999,-999,-999,1977-09-29 00:00:00
AL162007,               NOEL,20071102,1800,  , HU,30.3N,73.3W,70,980,300,270,90,150,100,100,60,100,0,30,30,60,2007-11-02 18:00:00
AL041975,            BLANCHE,19750728,600,  , HU,41.2N,66.4W,70,980,-999,-999,-999,-999,-999,-999,-999,-999,-999,-999,-999,-999,1975-07-28 06:00:00
AL122002,               KYLE,20020927,0,  , HU,27.5N,59.5W,75,980,-999,-999,-999,-999,-999,-999,-999,-999,-999,-999,-999,-999,2002-09-27 00:00:00
AL061978,               CORA,19780809,0,  , HU,14.0N,44.9W,80,980,-999,-999,-999,-999,-999,-999,-999,-999,-999,-999,-999,-999,1978-08-09 00:00:00
AL122015,               KATE,20151111,1800,  , HU,37.6N,58.2W,65,980,150,200,180,60,60,90,60,0,0,40,0,0,2015-11-11 18:00:00
AL201984,               LILI,19841220,1800,  , HU,30.5N,52.3W,70,980,-999,-999,-999,-999,-999,-999,-999,-999,-999,-999,-999,-999,1984-12-20 18:00:00
AL211981,            KATRINA,19811105,1200,  , HU,20.0N,80.5W,75,980,-999,-999,-999,-999,-999,-999,-999,-999,-999,-999,-999,-999,1981-11-05 12:00:00
AL121990,          JOSEPHINE,19901005,1800,  , HU,34.1N,38.4W,75,980,-999,-999,-999,-999,-999,-999,-999,-999,-999,-999,-999,-999,1990-10-05 18:00:00
AL121991,            UNNAMED,19911101,1800,  , HU,38.2N,66.5W,65,980,-999,-999,-999,-999,-999,-999,-999,-999,-999,-999,-999,-999,1991-11-01 18:00:00
AL121994,             GORDON,19941118,0,  , HU,33.1N,74.2W,75,980,-999,-999,-999,-999,-999,-999,-999,-999,-999,-999,-999,-999,1994-11-18 00:00:00
AL031985,          CLAUDETTE,19850815,1200,  , HU,35.8N,40.0W,75,980,-999,-999,-999,-999,-999,-999,-999,-999,-999,-999,-999,-999,1985-08-15 12:00:00
AL111991,              GRACE,19911029,0,  , HU,31.8N,66.8W,70,980,-999,-999,-999,-999,-999,-999,-999,-999,-999,-999,-999,-999,1991-10-29 00:00:00
AL051990,              DIANA,19900807,1900, L, HU,20.9N,97.0W,85,980,-999,-999,-999,-999,-999,-999,-999,-999,-999,-999,-999,-999,1990-08-07 19:00:00
AL112000,             GORDON,20000917,600,  , HU,26.1N,84.9W,70,981,-999,-999,-999,-999,-999,-999,-999,-999,-999,-999,-999,-999,2000-09-17 06:00:00
AL182010,              PAULA,20101013,0,  , HU,19.6N,86.0W,90,981,50,50,45,45,25,25,20,20,20,15,15,15,2010-10-13 00:00:00
AL302005,            EPSILON,20051205,600,  , HU,34.0N,36.7W,75,981,75,75,100,75,30,30,50,30,0,20,20,0,2005-12-05 06:00:00
AL142010,               LISA,20100925,0,  , HU,20.4N,27.8W,75,982,50,40,30,40,20,15,10,20,10,10,0,10,2010-09-25 00:00:00
AL141989,              JERRY,19891015,2100, P, HU,28.6N,94.8W,70,982,-999,-999,-999,-999,-999,-999,-999,-999,-999,-999,-999,-999,1989-10-15 21:00:00
AL212010,              TOMAS,20101031,0,  , HU,13.5N,61.7W,85,982,120,60,50,90,50,30,20,40,30,20,10,20,2010-10-31 00:00:00
AL132001,              KAREN,20011014,600,  , HU,38.6N,63.7W,70,982,-999,-999,-999,-999,-999,-999,-999,-999,-999,-999,-999,-999,2001-10-14 06:00:00
AL071988,           FLORENCE,19880909,2300, I, HU,28.5N,89.3W,70,982,-999,-999,-999,-999,-999,-999,-999,-999,-999,-999,-999,-999,1988-09-09 23:00:00
AL072014,                FAY,20141012,1200,  , HU,33.1N,63.9W,70,983,150,150,120,120,50,60,60,60,0,20,20,0,2014-10-12 12:00:00
AL131996,              MARCO,19961120,600,  , HU,13.8N,78.5W,65,983,-999,-999,-999,-999,-999,-999,-999,-999,-999,-999,-999,-999,1996-11-20 06:00:00
AL151979,              HENRI,19790917,1200,  , HU,20.4N,94.3W,75,983,-999,-999,-999,-999,-999,-999,-999,-999,-999,-999,-999,-999,1979-09-17 12:00:00
AL142011,              MARIA,20110916,600,  , HU,39.8N,62.1W,70,983,180,180,60,60,100,100,30,30,40,40,0,0,2011-09-16 06:00:00
AL082001,          GABRIELLE,20010917,1800,  , HU,36.2N,64.7W,70,983,-999,-999,-999,-999,-999,-999,-999,-999,-999,-999,-999,-999,2001-09-17 18:00:00
AL102013,             INGRID,20130915,0,  , HU,21.6N,94.7W,75,983,70,90,40,50,50,30,20,30,30,0,0,20,2013-09-15 00:00:00
AL112008,               KYLE,20080928,1800,  , HU,41.6N,66.7W,70,984,180,200,110,110,105,90,60,60,75,60,40,40,2008-09-28 18:00:00
AL051997,              DANNY,19970719,1200,  , HU,30.3N,88.0W,70,984,-999,-999,-999,-999,-999,-999,-999,-999,-999,-999,-999,-999,1997-07-19 12:00:00
AL041989,            CHANTAL,19890801,1200,  , HU,29.5N,94.3W,70,984,-999,-999,-999,-999,-999,-999,-999,-999,-999,-999,-999,-999,1989-08-01 12:00:00
AL031996,              CESAR,19960728,400, L, HU,12.2N,83.9W,75,985,-999,-999,-999,-999,-999,-999,-999,-999,-999,-999,-999,-999,1996-07-28 04:00:00
AL072004,             GASTON,20040829,1400, L, HU,33.0N,79.6W,65,985,-999,-999,-999,-999,-999,-999,-999,-999,-999,-999,-999,-999,2004-08-29 14:00:00
AL021966,              BECKY,19660702,1200,  , HU,37.6N,54.4W,65,985,-999,-999,-999,-999,-999,-999,-999,-999,-999,-999,-999,-999,1966-07-02 12:00:00
AL011982,            ALBERTO,19820603,1800,  , HU,24.0N,83.6W,75,985,-999,-999,-999,-999,-999,-999,-999,-999,-999,-999,-999,-999,1982-06-03 18:00:00
AL051998,               EARL,19980903,0,  , HU,29.4N,86.8W,80,985,-999,-999,-999,-999,-999,-999,-999,-999,-999,-999,-999,-999,1998-09-03 00:00:00
AL092007,           HUMBERTO,20070913,700, L, HU,29.6N,94.3W,80,985,-999,-999,-999,-999,-999,-999,-999,-999,-999,-999,-999,-999,2007-09-13 07:00:00
AL102000,           FLORENCE,20000916,1800,  , HU,36.1N,61.8W,70,985,-999,-999,-999,-999,-999,-999,-999,-999,-999,-999,-999,-999,2000-09-16 18:00:00
AL102006,              ISAAC,20061001,600,  , HU,32.8N,60.2W,75,985,110,110,60,80,40,40,40,40,20,20,20,20,2006-10-01 06:00:00
AL131990,              KLAUS,19901005,1200,  , HU,17.2N,61.2W,70,985,-999,-999,-999,-999,-999,-999,-999,-999,-999,-999,-999,-999,1990-10-05 12:00:00
AL172005,           PHILIPPE,20050920,0,  , HU,17.7N,56.6W,70,985,75,75,30,30,30,30,20,20,15,15,0,0,2005-09-20 00:00:00
AL101980,               EARL,19800908,1200,  , HU,32.0N,43.5W,65,985,-999,-999,-999,-999,-999,-999,-999,-999,-999,-999,-999,-999,1980-09-08 12:00:00
AL181980,               KARL,19801126,1800,  , HU,37.1N,40.5W,75,985,-999,-999,-999,-999,-999,-999,-999,-999,-999,-999,-999,-999,1980-11-26 18:00:00
AL041979,                BOB,19790711,1200,  , HU,29.1N,90.6W,65,986,-999,-999,-999,-999,-999,-999,-999,-999,-999,-999,-999,-999,1979-07-11 12:00:00
AL161980,             JEANNE,19801111,1800,  , HU,24.1N,87.2W,75,986,-999,-999,-999,-999,-999,-999,-999,-999,-999,-999,-999,-999,1980-11-11 18:00:00
AL062015,               FRED,20150831,1200,  , HU,16.1N,23.3W,75,986,70,70,50,60,40,40,20,30,15,10,10,15,2015-08-31 12:00:00
AL162001,               NOEL,20011105,1800,  , HU,38.8N,50.2W,65,986,-999,-999,-999,-999,-999,-999,-999,-999,-999,-999,-999,-999,2001-11-05 18:00:00
AL041983,              BARRY,19830828,1800,  , HU,25.4N,97.5W,70,986,-999,-999,-999,-999,-999,-999,-999,-999,-999,-999,-999,-999,1983-08-28 18:00:00
AL031997,               BILL,19970712,1500, I, HU,38.8N,60.0W,65,986,-999,-999,-999,-999,-999,-999,-999,-999,-999,-999,-999,-999,1997-07-12 15:00:00
AL082003,              ERIKA,20030816,1030, L, HU,25.3N,97.4W,65,986,-999,-999,-999,-999,-999,-999,-999,-999,-999,-999,-999,-999,2003-08-16 10:30:00
AL041988,              DEBBY,19880903,0, L, HU,20.7N,97.3W,65,987,-999,-999,-999,-999,-999,-999,-999,-999,-999,-999,-999,-999,1988-09-03 00:00:00
AL021987,             ARLENE,19870823,600,  , HU,44.0N,39.0W,65,987,-999,-999,-999,-999,-999,-999,-999,-999,-999,-999,-999,-999,1987-08-23 06:00:00
AL051986,            CHARLEY,19860818,0,  , HU,36.5N,75.8W,70,987,-999,-999,-999,-999,-999,-999,-999,-999,-999,-999,-999,-999,1986-08-18 00:00:00
AL011995,            ALLISON,19950604,1200,  , HU,24.7N,86.2W,65,987,-999,-999,-999,-999,-999,-999,-999,-999,-999,-999,-999,-999,1995-06-04 12:00:00
AL141990,               LILI,19901011,600,  , HU,31.0N,58.7W,65,987,-999,-999,-999,-999,-999,-999,-999,-999,-999,-999,-999,-999,1990-10-11 06:00:00
AL041985,              DANNY,19850815,1630, L, HU,29.6N,92.7W,80,987,-999,-999,-999,-999,-999,-999,-999,-999,-999,-999,-999,-999,1985-08-15 16:30:00
AL132004,               LISA,20041002,1200,  , HU,41.6N,39.1W,65,987,60,90,60,40,40,50,0,0,20,20,0,0,2004-10-02 12:00:00
AL161995,               NOEL,19950929,1200,  , HU,17.4N,41.9W,65,987,-999,-999,-999,-999,-999,-999,-999,-999,-999,-999,-999,-999,1995-09-29 12:00:00
AL111971,               FERN,19710909,0,  , HU,26.4N,93.7W,65,987,-999,-999,-999,-999,-999,-999,-999,-999,-999,-999,-999,-999,1971-09-09 00:00:00
AL242005,              VINCE,20051009,1800,  , HU,34.1N,18.9W,65,988,70,70,70,70,30,30,30,30,15,15,15,15,2005-10-09 18:00:00
AL151981,               GERT,19810911,1200,  , HU,29.0N,72.0W,90,988,-999,-999,-999,-999,-999,-999,-999,-999,-999,-999,-999,-999,1981-09-11 12:00:00
AL122007,              KAREN,20070926,1200,  , HU,11.7N,42.4W,65,988,90,60,40,45,60,40,25,30,40,30,0,15,2007-09-26 12:00:00
AL202010,              SHARY,20101030,600,  , HU,32.9N,60.9W,65,989,75,90,75,40,0,40,30,0,0,10,0,0,2010-10-30 06:00:00
AL161990,               NANA,19901019,1200,  , HU,28.5N,66.9W,75,989,-999,-999,-999,-999,-999,-999,-999,-999,-999,-999,-999,-999,1990-10-19 12:00:00
AL041996,              DOLLY,19960823,1200, L, HU,21.6N,97.7W,70,989,-999,-999,-999,-999,-999,-999,-999,-999,-999,-999,-999,-999,1996-08-23 12:00:00
AL071980,            CHARLEY,19800823,1200,  , HU,38.2N,66.0W,70,989,-999,-999,-999,-999,-999,-999,-999,-999,-999,-999,-999,-999,1980-08-23 12:00:00
AL021986,             BONNIE,19860626,1000, L, HU,29.6N,94.2W,75,990,-999,-999,-999,-999,-999,-999,-999,-999,-999,-999,-999,-999,1986-06-26 10:00:00
AL091993,             HARVEY,19930920,1800,  , HU,35.6N,55.2W,65,990,-999,-999,-999,-999,-999,-999,-999,-999,-999,-999,-999,-999,1993-09-20 18:00:00
AL071993,              FLOYD,19930910,1200,  , HU,46.5N,42.5W,65,990,-999,-999,-999,-999,-999,-999,-999,-999,-999,-999,-999,-999,1993-09-10 12:00:00
AL132007,            LORENZO,20070928,0,  , HU,20.5N,96.3W,70,990,40,40,60,40,15,30,30,15,10,20,20,10,2007-09-28 00:00:00
AL032005,              CINDY,20050706,300, L, HU,29.2N,90.1W,65,991,-999,-999,-999,-999,-999,-999,-999,-999,-999,-999,-999,-999,2005-07-06 03:00:00
AL072000,              DEBBY,20000822,300, P, HU,17.1N,60.9W,70,991,-999,-999,-999,-999,-999,-999,-999,-999,-999,-999,-999,-999,2000-08-22 03:00:00
AL062006,            ERNESTO,20060827,600,  , HU,16.9N,72.7W,65,992,80,70,20,50,25,20,10,10,10,0,0,0,2006-08-27 06:00:00
AL131987,              FLOYD,19871012,2100, L, HU,25.1N,80.5W,65,993,-999,-999,-999,-999,-999,-999,-999,-999,-999,-999,-999,-999,1987-10-12 21:00:00
AL091980,            GEORGES,19800908,1800,  , HU,48.0N,46.9W,65,993,-999,-999,-999,-999,-999,-999,-999,-999,-999,-999,-999,-999,1980-09-08 18:00:00
AL141984,           HORTENSE,19840926,0,  , HU,30.2N,61.1W,65,993,-999,-999,-999,-999,-999,-999,-999,-999,-999,-999,-999,-999,1984-09-26 00:00:00
AL071977,              CLARA,19770908,1200,  , HU,35.5N,67.7W,65,993,-999,-999,-999,-999,-999,-999,-999,-999,-999,-999,-999,-999,1977-09-08 12:00:00
AL051983,            CHANTAL,19830912,1200,  , HU,34.0N,56.3W,65,994,-999,-999,-999,-999,-999,-999,-999,-999,-999,-999,-999,-999,1983-09-12 12:00:00
AL152011,               NATE,20110909,0,  , HU,19.7N,92.1W,65,994,75,90,120,90,0,50,90,0,0,40,0,0,2011-09-09 00:00:00
AL131977,             EVELYN,19771015,0,  , HU,39.2N,63.3W,65,994,-999,-999,-999,-999,-999,-999,-999,-999,-999,-999,-999,-999,1977-10-15 00:00:00
AL101981,             DENNIS,19810820,1800,  , HU,36.3N,73.0W,65,995,-999,-999,-999,-999,-999,-999,-999,-999,-999,-999,-999,-999,1981-08-20 18:00:00
AL121998,               LISA,19981009,1200,  , HU,41.6N,38.7W,65,995,-999,-999,-999,-999,-999,-999,-999,-999,-999,-999,-999,-999,1998-10-09 12:00:00
AL071955,             GLADYS,19550905,2200, L, HU,23.1N,97.8W,65,996,-999,-999,-999,-999,-999,-999,-999,-999,-999,-999,-999,-999,1955-09-05 22:00:00
AL032014,             BERTHA,20140804,1200,  , HU,26.8N,73.6W,70,998,140,100,30,40,40,40,0,0,20,20,0,0,2014-08-04 12:00:00
AL101986,            FRANCES,19861120,1200,  , HU,27.8N,59.6W,75,1000,-999,-999,-999,-999,-999,-999,-999,-999,-999,-999,-999,-999,1986-11-20 12:00:00
AL052003,              DANNY,20030719,600,  , HU,41.1N,50.0W,65,1000,-999,-999,-999,-999,-999,-999,-999,-999,-999,-999,-999,-999,2003-07-19 06:00:00
AL021985,                BOB,19850725,0,  , HU,31.6N,80.5W,65,1002,-999,-999,-999,-999,-999,-999,-999,-999,-999,-999,-999,-999,1985-07-25 00:00:00
EP202015,           PATRICIA,20151023,1200,  , HU,17.3N,105.6W,185,872,150,100,60,130,50,50,40,40,25,25,20,25,2015-10-23 12:00:00
CP012006,               IOKE,20060828,0,  , HU,16.6N,177.6E,135,900,150,140,140,130,85,80,80,70,60,55,55,45,2006-08-28 00:00:00
EP141997,              LINDA,19970912,600,  , HU,17.1N,109.6W,160,902,-999,-999,-999,-999,-999,-999,-999,-999,-999,-999,-999,-999,1997-09-12 06:00:00
EP202009,               RICK,20091018,1200,  , HU,15.7N,107.8W,155,906,150,120,120,150,90,75,60,60,50,40,30,40,2009-10-18 12:00:00
EP142002,              KENNA,20021025,0,  , HU,18.3N,108.3W,145,913,-999,-999,-999,-999,-999,-999,-999,-999,-999,-999,-999,-999,2002-10-25 00:00:00
EP132014,              MARIE,20140824,1800,  , HU,15.9N,111.9W,140,918,240,240,150,150,90,90,70,90,50,40,30,40,2014-08-24 18:00:00
EP152014,              ODILE,20140914,600,  , HU,18.5N,107.0W,120,918,160,170,130,110,70,70,50,60,40,40,20,30,2014-09-14 06:00:00
EP091997,          GUILLERMO,19970805,0,  , HU,14.3N,118.0W,140,919,-999,-999,-999,-999,-999,-999,-999,-999,-999,-999,-999,-999,1997-08-05 00:00:00
EP102002,             HERNAN,20020901,1200,  , HU,17.2N,111.1W,140,921,-999,-999,-999,-999,-999,-999,-999,-999,-999,-999,-999,-999,2002-09-01 12:00:00
EP062002,              ELIDA,20020725,600,  , HU,14.3N,109.5W,140,921,-999,-999,-999,-999,-999,-999,-999,-999,-999,-999,-999,-999,2002-07-25 06:00:00
EP042010,              CELIA,20100625,0,  , HU,12.9N,115.4W,140,921,120,120,75,90,75,60,45,60,45,35,30,35,2010-06-25 00:00:00
EP171994,             OLIVIA,19940925,1200,  , HU,17.8N,119.8W,130,923,-999,-999,-999,-999,-999,-999,-999,-999,-999,-999,-999,-999,1994-09-25 12:00:00
EP112001,           JULIETTE,20010925,1800,  , HU,16.4N,107.2W,125,923,-999,-999,-999,-999,-999,-999,-999,-999,-999,-999,-999,-999,2001-09-25 18:00:00
EP231990,              TRUDY,19901020,1200,  , HU,15.5N,111.0W,135,924,-999,-999,-999,-999,-999,-999,-999,-999,-999,-999,-999,-999,1990-10-20 12:00:00
EP051994,             EMILIA,19940719,1200,  , HU,11.5N,148.4W,135,926,-999,-999,-999,-999,-999,-999,-999,-999,-999,-999,-999,-999,1994-07-19 12:00:00
EP091990,             HERNAN,19900723,1800,  , HU,17.5N,117.9W,135,928,-999,-999,-999,-999,-999,-999,-999,-999,-999,-999,-999,-999,1990-07-23 18:00:00
EP072014,          GENEVIEVE,20140808,1800,  , HU,18.4N,176.0E,125,929,120,120,105,115,80,80,70,70,55,55,40,40,2014-08-08 18:00:00
EP042011,               DORA,20110721,1200,  , HU,16.9N,106.5W,135,929,120,120,90,100,75,60,45,60,40,35,25,35,2011-07-21 12:00:00
EP132004,             JAVIER,20040914,0,  , HU,15.9N,106.8W,130,930,100,100,100,100,75,75,75,75,30,30,30,30,2004-09-14 00:00:00
EP111995,           JULIETTE,19950920,1200,  , HU,17.8N,113.5W,130,930,-999,-999,-999,-999,-999,-999,-999,-999,-999,-999,-999,-999,1995-09-20 12:00:00
EP131993,              LIDIA,19930911,600,  , HU,16.7N,105.4W,130,930,-999,-999,-999,-999,-999,-999,-999,-999,-999,-999,-999,-999,1993-09-11 06:00:00
EP132009,             JIMENA,20090901,0,  , HU,18.9N,109.4W,135,931,120,80,100,110,70,40,60,75,40,20,20,20,2009-09-01 00:00:00
EP012014,             AMANDA,20140525,1200,  , HU,11.7N,111.1W,135,932,70,60,50,60,40,40,30,40,20,20,15,20,2014-05-25 12:00:00
EP091998,             HOWARD,19980823,0,  , HU,14.4N,108.0W,130,932,-999,-999,-999,-999,-999,-999,-999,-999,-999,-999,-999,-999,1998-08-23 00:00:00
EP032000,           CARLOTTA,20000621,600,  , HU,15.1N,103.8W,135,932,-999,-999,-999,-999,-999,-999,-999,-999,-999,-999,-999,-999,2000-06-21 06:00:00
EP132015,             JIMENA,20150829,600,  , HU,12.2N,124.4W,135,932,100,90,80,100,50,50,30,50,25,20,20,25,2015-08-29 06:00:00
EP121993,            KENNETH,19930911,600,  , HU,17.2N,119.6W,130,932,-999,-999,-999,-999,-999,-999,-999,-999,-999,-999,-999,-999,1993-09-11 06:00:00
EP221992,               TINA,19920930,1200,  , HU,17.3N,117.7W,130,932,-999,-999,-999,-999,-999,-999,-999,-999,-999,-999,-999,-999,1992-09-30 12:00:00
EP052006,             DANIEL,20060722,0,  , HU,13.5N,128.0W,130,933,120,100,100,120,80,70,70,80,50,40,40,50,2006-07-22 00:00:00
EP222015,             SANDRA,20151126,600,  , HU,14.1N,110.2W,130,934,100,100,60,90,50,40,30,40,30,25,15,25,2015-11-26 06:00:00
EP171992,             ORLENE,19920906,600,  , HU,14.4N,123.1W,125,934,-999,-999,-999,-999,-999,-999,-999,-999,-999,-999,-999,-999,1992-09-06 06:00:00
EP071993,           FERNANDA,19930812,0,  , HU,14.8N,123.9W,125,934,-999,-999,-999,-999,-999,-999,-999,-999,-999,-999,-999,-999,1993-08-12 00:00:00
EP082009,            FELICIA,20090806,0,  , HU,14.7N,130.1W,125,935,100,120,75,90,60,75,40,45,35,35,25,25,2009-08-06 00:00:00
EP191990,              ODILE,19900926,1800,  , HU,15.7N,123.4W,125,935,-999,-999,-999,-999,-999,-999,-999,-999,-999,-999,-999,-999,1990-09-26 18:00:00
EP032014,           CRISTINA,20140612,1200,  , HU,16.4N,106.8W,130,935,70,50,40,60,30,30,30,30,15,15,10,15,2014-06-12 12:00:00
EP081988,             HECTOR,19880803,1200,  , HU,16.7N,116.2W,125,935,-999,-999,-999,-999,-999,-999,-999,-999,-999,-999,-999,-999,1988-08-03 12:00:00
EP131991,              KEVIN,19911001,0,  , HU,17.6N,112.0W,125,935,-999,-999,-999,-999,-999,-999,-999,-999,-999,-999,-999,-999,1991-10-01 00:00:00
EP071992,              FRANK,19920718,1200,  , HU,16.1N,121.8W,125,935,-999,-999,-999,-999,-999,-999,-999,-999,-999,-999,-999,-999,1992-07-18 12:00:00
EP211989,            RAYMOND,19891001,0,  , HU,17.0N,113.4W,125,935,-999,-999,-999,-999,-999,-999,-999,-999,-999,-999,-999,-999,1989-10-01 00:00:00
EP041992,              CELIA,19920627,1200,  , HU,14.9N,111.7W,125,935,-999,-999,-999,-999,-999,-999,-999,-999,-999,-999,-999,-999,1992-06-27 12:00:00
EP082002,             FAUSTO,20020824,1200,  , HU,15.7N,121.8W,125,936,-999,-999,-999,-999,-999,-999,-999,-999,-999,-999,-999,-999,2002-08-24 12:00:00
EP022015,             BLANCA,20150603,1800,  , HU,12.3N,104.6W,125,936,110,80,60,100,30,40,30,30,20,20,15,15,2015-06-03 18:00:00
EP102015,              HILDA,20150808,1800,  , HU,13.6N,142.8W,125,937,110,70,70,100,50,40,20,50,20,20,10,10,2015-08-08 18:00:00
EP012015,             ANDRES,20150601,1200,  , HU,15.5N,120.0W,125,937,140,120,90,100,60,50,50,50,40,30,20,30,2015-06-01 12:00:00
EP181992,              INIKI,19920911,1800,  , HU,19.5N,160.0W,125,938,-999,-999,-999,-999,-999,-999,-999,-999,-999,-999,-999,-999,1992-09-11 18:00:00
EP192015,               OLAF,20151020,1800,  , HU,10.7N,141.8W,130,938,120,120,80,90,60,60,50,50,35,30,30,30,2015-10-20 18:00:00
EP012001,             ADOLPH,20010529,1200,  , HU,15.5N,104.2W,125,940,-999,-999,-999,-999,-999,-999,-999,-999,-999,-999,-999,-999,2001-05-29 12:00:00
EP132011,            KENNETH,20111122,1200,  , HU,12.9N,113.4W,125,940,120,80,70,120,60,50,50,50,35,25,20,35,2011-11-22 12:00:00
EP031995,            BARBARA,19950714,0,  , HU,14.3N,125.6W,120,940,-999,-999,-999,-999,-999,-999,-999,-999,-999,-999,-999,-999,1995-07-14 00:00:00
EP122015,            IGNACIO,20150830,600,  , HU,17.1N,147.7W,125,942,120,120,100,120,60,40,30,40,25,25,25,25,2015-08-30 06:00:00
EP052011,             EUGENE,20110803,2100, I, HU,15.9N,115.3W,120,942,135,120,120,135,70,60,50,70,40,35,30,40,2011-08-03 21:00:00
EP092011,             HILARY,20110923,1800,  , HU,16.2N,102.7W,125,942,75,60,45,75,50,40,30,40,30,30,20,30,2011-09-23 18:00:00
EP121997,             JIMENA,19970828,1500, I, HU,18.0N,137.5W,120,942,-999,-999,-999,-999,-999,-999,-999,-999,-999,-999,-999,-999,1997-08-28 15:00:00
EP071999,               DORA,19990813,600,  , HU,15.5N,134.0W,120,943,-999,-999,-999,-999,-999,-999,-999,-999,-999,-999,-999,-999,1999-08-13 06:00:00
EP061992,            ESTELLE,19920713,1800,  , HU,16.8N,122.3W,120,943,-999,-999,-999,-999,-999,-999,-999,-999,-999,-999,-999,-999,1992-07-13 18:00:00
EP031998,               BLAS,19980625,600,  , HU,15.3N,106.8W,120,943,-999,-999,-999,-999,-999,-999,-999,-999,-999,-999,-999,-999,1998-06-25 06:00:00
EP112004,             HOWARD,20040902,1800,  , HU,18.3N,113.9W,120,943,100,120,90,100,50,50,40,50,30,30,30,30,2004-09-02 18:00:00
EP061988,              FABIO,19880803,1200,  , HU,14.7N,143.8W,120,943,-999,-999,-999,-999,-999,-999,-999,-999,-999,-999,-999,-999,1988-08-03 12:00:00
EP161990,              MARIE,19900911,600,  , HU,14.7N,132.8W,120,944,-999,-999,-999,-999,-999,-999,-999,-999,-999,-999,-999,-999,1990-09-11 06:00:00
EP012011,             ADRIAN,20110610,600,  , HU,14.8N,106.2W,120,944,90,90,90,90,60,50,50,60,30,30,25,35,2011-06-10 06:00:00
EP121991,             JIMENA,19910924,1200,  , HU,13.4N,112.1W,115,945,-999,-999,-999,-999,-999,-999,-999,-999,-999,-999,-999,-999,1991-09-24 12:00:00
EP051993,               DORA,19930717,600,  , HU,14.9N,129.6W,115,945,-999,-999,-999,-999,-999,-999,-999,-999,-999,-999,-999,-999,1993-07-17 06:00:00
CP022002,                ELE,20020830,0,  , HU,12.1N,179.9W,110,945,-999,-999,-999,-999,-999,-999,-999,-999,-999,-999,-999,-999,2002-08-30 00:00:00
EP052012,             EMILIA,20120710,600,  , HU,13.6N,112.9W,120,945,110,110,70,90,70,70,40,60,30,30,20,30,2012-07-10 06:00:00
EP152008,            NORBERT,20081008,1800,  , HU,16.4N,110.9W,115,945,110,110,125,100,50,50,50,50,25,25,25,25,2008-10-08 18:00:00
EP071996,            DOUGLAS,19960801,1200,  , HU,18.9N,110.0W,115,946,-999,-999,-999,-999,-999,-999,-999,-999,-999,-999,-999,-999,1996-08-01 12:00:00
EP052015,            DOLORES,20150715,600,  , HU,18.1N,109.4W,115,946,120,150,70,100,50,60,30,60,25,20,15,30,2015-07-15 06:00:00
EP192014,              SIMON,20141005,0,  , HU,21.0N,115.6W,115,946,80,80,60,70,40,40,20,30,20,20,15,20,2014-10-05 00:00:00
EP112005,            KENNETH,20050918,1200,  , HU,14.2N,129.2W,115,947,90,80,80,80,40,40,40,40,25,25,25,25,2005-09-18 12:00:00
EP092014,             ISELLE,20140804,1800,  , HU,16.1N,136.9W,120,947,80,80,60,80,50,50,40,50,35,30,25,30,2014-08-04 18:00:00
EP081993,               GREG,19930820,0,  , HU,18.2N,117.8W,115,948,-999,-999,-999,-999,-999,-999,-999,-999,-999,-999,-999,-999,1993-08-20 00:00:00
EP061998,            ESTELLE,19980802,600,  , HU,16.8N,117.5W,115,948,-999,-999,-999,-999,-999,-999,-999,-999,-999,-999,-999,-999,1998-08-02 06:00:00
EP111993,               JOVA,19930901,600,  , HU,17.5N,105.9W,115,948,-999,-999,-999,-999,-999,-999,-999,-999,-999,-999,-999,-999,1993-09-01 06:00:00
EP181989,             OCTAVE,19890913,0,  , HU,20.9N,113.8W,115,948,-999,-999,-999,-999,-999,-999,-999,-999,-999,-999,-999,-999,1989-09-13 00:00:00
EP081997,            FELICIA,19970719,1200,  , HU,15.7N,128.1W,115,948,-999,-999,-999,-999,-999,-999,-999,-999,-999,-999,-999,-999,1997-07-19 12:00:00
EP181997,            PAULINE,19971007,1200,  , HU,13.2N,94.5W,115,948,-999,-999,-999,-999,-999,-999,-999,-999,-999,-999,-999,-999,1997-10-07 12:00:00
EP141994,               LANE,19940907,0,  , HU,18.6N,125.2W,115,948,-999,-999,-999,-999,-999,-999,-999,-999,-999,-999,-999,-999,1994-09-07 00:00:00
EP021995,             ADOLPH,19950618,600,  , HU,17.1N,107.8W,115,948,-999,-999,-999,-999,-999,-999,-999,-999,-999,-999,-999,-999,1995-06-18 06:00:00
EP112006,               JOHN,20060830,1800,  , HU,16.9N,102.7W,115,948,120,120,60,120,70,60,40,70,50,30,30,50,2006-08-30 18:00:00
EP061993,             EUGENE,19930719,1800,  , HU,15.4N,123.6W,110,948,-999,-999,-999,-999,-999,-999,-999,-999,-999,-999,-999,-999,1993-07-19 18:00:00
EP231992,             VIRGIL,19921003,0,  , HU,15.9N,102.6W,115,948,-999,-999,-999,-999,-999,-999,-999,-999,-999,-999,-999,-999,1992-10-03 00:00:00
EP092007,            FLOSSIE,20070812,0,  , HU,13.2N,141.7W,120,949,80,65,65,80,55,45,45,55,35,25,25,35,2007-08-12 00:00:00
CP032009,               NEKI,20091022,0,  , HU,18.3N,166.7W,110,950,180,140,120,150,80,60,50,60,55,45,40,40,2009-10-22 00:00:00
EP152015,              LINDA,20150908,1800,  , HU,21.5N,114.5W,110,950,140,140,80,90,50,50,30,40,30,30,20,25,2015-09-08 18:00:00
EP142014,            NORBERT,20140906,600,  , HU,24.4N,113.1W,110,950,120,100,90,80,60,50,40,40,40,30,15,20,2014-09-06 06:00:00
EP161997,               NORA,19970921,1200,  , HU,16.6N,108.0W,115,950,-999,-999,-999,-999,-999,-999,-999,-999,-999,-999,-999,-999,1997-09-21 12:00:00
EP102005,               JOVA,20050920,0,  , HU,16.0N,143.3W,110,951,150,120,120,150,60,60,60,60,30,30,30,30,2005-09-20 00:00:00
EP172013,            RAYMOND,20131021,1800,  , HU,16.4N,102.1W,110,951,70,50,40,60,40,30,20,30,20,20,10,20,2013-10-21 18:00:00
EP132006,               LANE,20060916,1200,  , HU,23.1N,107.1W,110,952,100,100,100,75,50,50,50,45,25,25,25,25,2006-09-16 12:00:00
EP032006,                BUD,20060713,600,  , HU,17.2N,119.8W,110,953,75,60,60,75,50,30,30,50,25,20,20,25,2006-07-13 06:00:00
EP062000,             DANIEL,20000725,1800,  , HU,14.3N,121.1W,110,954,-999,-999,-999,-999,-999,-999,-999,-999,-999,-999,-999,-999,2000-07-25 18:00:00
EP102009,          GUILLERMO,20090815,1200,  , HU,18.7N,132.6W,110,954,100,80,70,100,60,45,45,50,35,30,30,35,2009-08-15 12:00:00
EP102011,               JOVA,20111010,1800,  , HU,16.5N,106.5W,110,955,90,90,60,60,35,40,30,30,25,20,20,15,2011-10-10 18:00:00
EP091996,             FAUSTO,19960912,600,  , HU,19.8N,109.5W,105,955,-999,-999,-999,-999,-999,-999,-999,-999,-999,-999,-999,-999,1996-09-12 06:00:00
EP102006,             ILEANA,20060824,0,  , HU,19.2N,113.1W,105,955,120,100,80,100,60,60,60,60,30,30,30,30,2006-08-24 00:00:00
EP021999,            BEATRIZ,19990713,600,  , HU,14.7N,121.3W,105,955,-999,-999,-999,-999,-999,-999,-999,-999,-999,-999,-999,-999,1999-07-13 06:00:00
EP031991,             CARLOS,19910624,600,  , HU,15.3N,127.0W,105,955,-999,-999,-999,-999,-999,-999,-999,-999,-999,-999,-999,-999,1991-06-24 06:00:00
EP121989,             ISMAEL,19890819,1800,  , HU,18.7N,116.8W,105,955,-999,-999,-999,-999,-999,-999,-999,-999,-999,-999,-999,-999,1989-08-19 18:00:00
EP141989,               KIKO,19890827,0,  , HU,23.5N,109.3W,105,955,-999,-999,-999,-999,-999,-999,-999,-999,-999,-999,-999,-999,1989-08-27 00:00:00
EP092008,             HERNAN,20080809,1800,  , HU,16.0N,123.6W,105,956,90,110,100,90,45,60,45,45,20,25,20,20,2008-08-09 18:00:00
EP091993,             HILARY,19930821,1200,  , HU,18.6N,107.9W,105,957,-999,-999,-999,-999,-999,-999,-999,-999,-999,-999,-999,-999,1993-08-21 12:00:00
EP052004,              DARBY,20040729,600,  , HU,16.8N,126.2W,105,957,105,120,75,90,80,60,40,50,40,30,20,35,2004-07-29 06:00:00
EP141991,              LINDA,19911005,1800,  , HU,16.7N,108.6W,105,957,-999,-999,-999,-999,-999,-999,-999,-999,-999,-999,-999,-999,1991-10-05 18:00:00
EP101990,             ISELLE,19900725,1800,  , HU,19.7N,112.7W,105,958,-999,-999,-999,-999,-999,-999,-999,-999,-999,-999,-999,-999,1990-07-25 18:00:00
EP051998,              DARBY,19980726,1800,  , HU,16.3N,126.5W,100,958,-999,-999,-999,-999,-999,-999,-999,-999,-999,-999,-999,-999,1998-07-26 18:00:00
EP162012,               PAUL,20121015,1800,  , HU,17.9N,114.4W,105,959,60,80,60,70,40,40,30,30,20,20,10,20,2012-10-15 18:00:00
EP052010,              DARBY,20100625,2100, I, HU,13.7N,101.6W,105,959,55,40,40,55,30,25,25,30,15,15,15,15,2010-06-25 21:00:00
EP132012,             MIRIAM,20120924,1200,  , HU,17.5N,112.5W,105,959,100,90,70,90,50,40,30,40,25,20,15,20,2012-09-24 12:00:00
EP071991,               FEFA,19910802,0,  , HU,16.6N,122.7W,105,959,-999,-999,-999,-999,-999,-999,-999,-999,-999,-999,-999,-999,1991-08-02 00:00:00
EP131990,              JULIO,19900821,1800,  , HU,16.9N,121.8W,100,960,-999,-999,-999,-999,-999,-999,-999,-999,-999,-999,-999,-999,1990-08-21 18:00:00
EP071997,            ENRIQUE,19970714,1800,  , HU,15.5N,124.5W,100,960,-999,-999,-999,-999,-999,-999,-999,-999,-999,-999,-999,-999,1997-07-14 18:00:00
EP102014,              JULIO,20140808,600,  , HU,17.6N,139.8W,105,960,110,100,70,110,60,50,40,60,35,30,25,30,2014-08-08 06:00:00
EP241992,           WINIFRED,19921009,1200,  , HU,17.5N,104.3W,100,960,-999,-999,-999,-999,-999,-999,-999,-999,-999,-999,-999,-999,1992-10-09 12:00:00
EP012002,               ALMA,20020530,600,  , HU,15.3N,115.4W,100,960,-999,-999,-999,-999,-999,-999,-999,-999,-999,-999,-999,-999,2002-05-30 06:00:00
EP081998,          GEORGETTE,19980814,1200,  , HU,19.8N,120.1W,100,960,-999,-999,-999,-999,-999,-999,-999,-999,-999,-999,-999,-999,1998-08-14 12:00:00
EP042012,             DANIEL,20120708,600,  , HU,14.9N,121.7W,100,961,110,90,60,90,30,30,20,30,15,15,10,15,2012-07-08 06:00:00
EP022012,                BUD,20120525,0,  , HU,16.8N,106.1W,100,961,100,90,70,80,40,40,30,30,25,30,20,20,2012-05-25 00:00:00
EP212014,              VANCE,20141104,0,  , HU,16.9N,110.8W,95,964,110,110,60,80,40,40,30,30,15,15,10,15,2014-11-04 00:00:00
EP081992,          GEORGETTE,19920718,600,  , HU,16.0N,109.2W,95,964,-999,-999,-999,-999,-999,-999,-999,-999,-999,-999,-999,-999,1992-07-18 06:00:00
EP081999,             EUGENE,19990809,1800,  , HU,14.0N,132.4W,95,964,-999,-999,-999,-999,-999,-999,-999,-999,-999,-999,-999,-999,1999-08-09 18:00:00
EP212006,             SERGIO,20061115,1800,  , HU,12.0N,103.7W,95,965,80,80,80,80,40,40,40,40,20,20,20,20,2006-11-15 18:00:00
EP141998,             LESTER,19981022,1200,  , HU,16.8N,108.8W,100,965,-999,-999,-999,-999,-999,-999,-999,-999,-999,-999,-999,-999,1998-10-22 12:00:00
EP062012,              FABIO,20120715,600,  , HU,16.5N,116.3W,95,966,110,100,80,110,60,50,40,50,30,25,25,30,2012-07-15 06:00:00
EP092006,             HECTOR,20060818,600,  , HU,15.6N,124.0W,95,966,125,125,90,125,60,60,40,50,30,30,25,25,2006-08-18 06:00:00
EP041993,             CALVIN,19930707,1200,  , HU,18.2N,104.1W,95,966,-999,-999,-999,-999,-999,-999,-999,-999,-999,-999,-999,-999,1993-07-07 12:00:00
EP092015,          GUILLERMO,20150731,1800,  , HU,12.5N,133.9W,95,967,100,100,60,90,40,40,30,40,20,20,10,20,2015-07-31 18:00:00
EP142000,               LANE,20000910,600,  , HU,20.5N,113.5W,85,967,-999,-999,-999,-999,-999,-999,-999,-999,-999,-999,-999,-999,2000-09-10 06:00:00
EP031994,           CARLOTTA,19940701,0,  , HU,17.7N,115.2W,90,967,-999,-999,-999,-999,-999,-999,-999,-999,-999,-999,-999,-999,1994-07-01 00:00:00
EP051992,              DARBY,19920706,600,  , HU,19.9N,113.0W,105,968,-999,-999,-999,-999,-999,-999,-999,-999,-999,-999,-999,-999,1992-07-06 06:00:00
EP091988,                IVA,19880808,1200,  , HU,19.2N,112.2W,90,968,-999,-999,-999,-999,-999,-999,-999,-999,-999,-999,-999,-999,1988-08-08 12:00:00
EP031996,               ALMA,19960623,1200,  , HU,17.2N,102.8W,90,969,-999,-999,-999,-999,-999,-999,-999,-999,-999,-999,-999,-999,1996-06-23 12:00:00
EP142003,               NORA,20031004,1200,  , HU,16.9N,111.5W,90,969,-999,-999,-999,-999,-999,-999,-999,-999,-999,-999,-999,-999,2003-10-04 12:00:00
EP062008,              ELIDA,20080717,0,  , HU,17.2N,118.4W,90,970,60,75,60,75,30,40,30,30,15,15,15,15,2008-07-17 00:00:00
EP152005,               OTIS,20051001,600,  , HU,21.6N,111.5W,90,970,90,75,75,75,35,35,35,35,20,20,20,20,2005-10-01 06:00:00
EP052002,            DOUGLAS,20020722,1800,  , HU,17.2N,112.7W,90,970,-999,-999,-999,-999,-999,-999,-999,-999,-999,-999,-999,-999,2002-07-22 18:00:00
EP172006,               PAUL,20061023,1200,  , HU,16.3N,111.4W,90,970,90,90,60,70,60,45,30,45,25,20,20,20,2006-10-23 12:00:00
EP081990,          GENEVIEVE,19900715,1200,  , HU,20.2N,117.0W,90,970,-999,-999,-999,-999,-999,-999,-999,-999,-999,-999,-999,-999,1990-07-15 12:00:00
EP012000,             ALETTA,20000525,0,  , HU,14.9N,106.6W,90,970,-999,-999,-999,-999,-999,-999,-999,-999,-999,-999,-999,-999,2000-05-25 00:00:00
EP161991,               NORA,19911110,0,  , HU,13.8N,113.6W,90,970,-999,-999,-999,-999,-999,-999,-999,-999,-999,-999,-999,-999,1991-11-10 00:00:00
EP121988,               LANE,19880924,0,  , HU,17.2N,110.2W,90,970,-999,-999,-999,-999,-999,-999,-999,-999,-999,-999,-999,-999,1988-09-24 00:00:00
EP082005,             HILARY,20050822,600,  , HU,17.8N,110.0W,90,970,275,200,150,175,75,60,40,60,25,25,15,25,2005-08-22 06:00:00
EP102003,             JIMENA,20030830,1800,  , HU,17.3N,142.9W,90,970,-999,-999,-999,-999,-999,-999,-999,-999,-999,-999,-999,-999,2003-08-30 18:00:00
EP092003,            IGNACIO,20030824,1800,  , HU,23.5N,109.0W,90,970,-999,-999,-999,-999,-999,-999,-999,-999,-999,-999,-999,-999,2003-08-24 18:00:00
EP132003,              MARTY,20030922,600,  , HU,22.0N,109.6W,85,970,-999,-999,-999,-999,-999,-999,-999,-999,-999,-999,-999,-999,2003-09-22 06:00:00
EP091995,          HENRIETTE,19950904,1200,  , HU,22.6N,109.7W,85,970,-999,-999,-999,-999,-999,-999,-999,-999,-999,-999,-999,-999,1995-09-04 12:00:00
EP042009,             CARLOS,20090715,0,  , HU,10.1N,128.3W,90,971,40,40,30,30,25,25,20,20,10,10,10,10,2009-07-15 00:00:00
EP112007,          HENRIETTE,20070904,1800,  , HU,22.6N,109.6W,70,972,120,100,75,75,60,50,30,30,20,20,0,0,2007-09-04 18:00:00
EP072001,            FLOSSIE,20010829,1800,  , HU,20.9N,116.6W,90,972,-999,-999,-999,-999,-999,-999,-999,-999,-999,-999,-999,-999,2001-08-29 18:00:00
EP011999,             ADRIAN,19990621,0,  , HU,18.1N,110.6W,85,973,-999,-999,-999,-999,-999,-999,-999,-999,-999,-999,-999,-999,1999-06-21 00:00:00
EP032012,           CARLOTTA,20120615,2100, I, HU,14.9N,96.3W,95,973,90,80,70,80,60,50,50,60,25,25,25,25,2012-06-15 21:00:00
EP191997,               RICK,19971109,1200,  , HU,15.3N,99.8W,85,973,-999,-999,-999,-999,-999,-999,-999,-999,-999,-999,-999,-999,1997-11-09 12:00:00
EP191994,               ROSA,19941014,600,  , HU,21.2N,106.8W,90,974,-999,-999,-999,-999,-999,-999,-999,-999,-999,-999,-999,-999,1994-10-14 06:00:00
EP082001,                GIL,20010907,600,  , HU,15.4N,128.7W,85,975,-999,-999,-999,-999,-999,-999,-999,-999,-999,-999,-999,-999,2001-09-07 06:00:00
EP241990,              VANCE,19901026,1200,  , HU,18.6N,108.6W,85,975,-999,-999,-999,-999,-999,-999,-999,-999,-999,-999,-999,-999,1990-10-26 12:00:00
EP061997,            DOLORES,19970709,600,  , HU,17.5N,127.5W,80,975,-999,-999,-999,-999,-999,-999,-999,-999,-999,-999,-999,-999,1997-07-09 06:00:00
EP201992,             ROSLYN,19920923,600,  , HU,18.9N,134.8W,85,975,-999,-999,-999,-999,-999,-999,-999,-999,-999,-999,-999,-999,1992-09-23 06:00:00
EP111988,             KRISTY,19880901,0,  , HU,18.4N,109.5W,80,976,-999,-999,-999,-999,-999,-999,-999,-999,-999,-999,-999,-999,1988-09-01 00:00:00
EP112011,              IRWIN,20111008,0,  , HU,13.9N,120.8W,85,976,45,90,45,45,30,30,20,30,15,15,0,15,2011-10-08 00:00:00
EP082013,          HENRIETTE,20130808,1800,  , HU,17.2N,138.9W,90,976,50,40,40,50,20,20,20,20,10,10,10,10,2013-08-08 18:00:00
EP021990,              BORIS,19900605,1200,  , HU,16.7N,113.4W,80,977,-999,-999,-999,-999,-999,-999,-999,-999,-999,-999,-999,-999,1990-06-05 12:00:00
EP072008,             FAUSTO,20080720,1200,  , HU,17.5N,112.2W,80,977,100,100,75,100,50,45,35,45,30,30,25,30,2008-07-20 12:00:00
EP022011,            BEATRIZ,20110621,600,  , HU,18.5N,104.0W,80,977,45,60,30,60,30,30,15,20,15,15,5,15,2011-06-21 06:00:00
EP032015,             CARLOS,20150613,1800,  , HU,15.1N,99.9W,75,978,70,80,60,60,40,40,30,30,20,20,20,20,2015-06-13 18:00:00
EP092012,             ILEANA,20120831,0,  , HU,21.0N,114.1W,75,978,70,80,50,70,40,40,20,30,20,20,10,20,2012-08-31 00:00:00
EP092010,              FRANK,20100826,1800,  , HU,17.9N,109.9W,80,978,70,70,50,75,35,35,30,35,20,20,10,20,2010-08-26 18:00:00
EP062005,           FERNANDA,20050812,1200,  , HU,18.3N,123.5W,75,978,100,100,75,100,60,60,50,60,40,40,40,40,2005-08-12 12:00:00
EP071995,            FLOSSIE,19950810,1800,  , HU,20.5N,109.7W,70,978,-999,-999,-999,-999,-999,-999,-999,-999,-999,-999,-999,-999,1995-08-10 18:00:00
EP172014,               POLO,20140918,0,  , HU,16.0N,104.0W,65,979,70,70,60,60,30,30,20,20,15,15,10,10,2014-09-18 00:00:00
EP031989,              COSME,19890622,0,  , HU,15.6N,99.3W,75,979,-999,-999,-999,-999,-999,-999,-999,-999,-999,-999,-999,-999,1989-06-22 00:00:00
EP151998,           MADELINE,19981019,0,  , HU,21.2N,106.6W,75,979,-999,-999,-999,-999,-999,-999,-999,-999,-999,-999,-999,-999,1998-10-19 00:00:00
EP011990,               ALMA,19900516,600,  , HU,13.4N,117.1W,75,979,-999,-999,-999,-999,-999,-999,-999,-999,-999,-999,-999,-999,1990-05-16 06:00:00
EP011993,             ADRIAN,19930616,1200,  , HU,14.1N,120.0W,70,979,-999,-999,-999,-999,-999,-999,-999,-999,-999,-999,-999,-999,1993-06-16 12:00:00
EP151991,              MARTY,19911011,1800,  , HU,17.4N,108.6W,70,979,-999,-999,-999,-999,-999,-999,-999,-999,-999,-999,-999,-999,1991-10-11 18:00:00
EP072011,               GREG,20110818,1200,  , HU,18.3N,110.8W,75,979,75,65,50,75,40,30,25,35,20,20,15,15,2011-08-18 12:00:00
EP041991,            DELORES,19910626,0,  , HU,18.2N,107.7W,75,979,-999,-999,-999,-999,-999,-999,-999,-999,-999,-999,-999,-999,1991-06-26 00:00:00
EP071990,             FAUSTO,19900710,600,  , HU,21.9N,114.2W,75,979,-999,-999,-999,-999,-999,-999,-999,-999,-999,-999,-999,-999,1990-07-10 06:00:00
EP101989,                GIL,19890801,1200,  , HU,19.2N,109.6W,75,979,-999,-999,-999,-999,-999,-999,-999,-999,-999,-999,-999,-999,1989-08-01 12:00:00
EP082004,              FRANK,20040824,600,  , HU,19.5N,113.7W,75,979,75,75,75,75,30,30,30,30,15,15,15,15,2004-08-24 06:00:00
EP041996,              BORIS,19960629,1200,  , HU,16.6N,100.8W,80,979,-999,-999,-999,-999,-999,-999,-999,-999,-999,-999,-999,-999,1996-06-29 12:00:00
EP162001,              NARDA,20011022,0,  , HU,14.5N,131.4W,75,980,-999,-999,-999,-999,-999,-999,-999,-999,-999,-999,-999,-999,2001-10-22 00:00:00
EP032013,              COSME,20130626,0,  , HU,17.8N,112.8W,75,980,150,120,60,100,50,40,30,40,30,20,20,20,2013-06-26 00:00:00
EP211992,            SEYMOUR,19920920,1200,  , HU,22.3N,114.3W,75,980,-999,-999,-999,-999,-999,-999,-999,-999,-999,-999,-999,-999,1992-09-20 12:00:00
EP141990,              KENNA,19900826,600,  , HU,16.2N,130.4W,75,980,-999,-999,-999,-999,-999,-999,-999,-999,-999,-999,-999,-999,1990-08-26 06:00:00
EP122014,             LOWELL,20140821,1800,  , HU,20.2N,122.1W,65,980,160,140,140,160,80,70,60,80,50,50,30,50,2014-08-21 18:00:00
EP182014,             RACHEL,20140928,1200,  , HU,21.2N,117.2W,75,980,70,60,60,60,30,30,20,30,20,20,10,20,2014-09-28 12:00:00
EP172001,             OCTAVE,20011102,600,  , HU,17.0N,128.8W,75,980,-999,-999,-999,-999,-999,-999,-999,-999,-999,-999,-999,-999,2001-11-02 06:00:00
CP032002,               HUKO,20021101,1800,  , HU,14.6N,172.0W,75,980,-999,-999,-999,-999,-999,-999,-999,-999,-999,-999,-999,-999,2002-11-01 18:00:00
EP111996,             HERNAN,19961002,1200,  , HU,17.9N,103.1W,75,980,-999,-999,-999,-999,-999,-999,-999,-999,-999,-999,-999,-999,1996-10-02 12:00:00
EP042006,           CARLOTTA,20060713,1800,  , HU,17.7N,110.8W,75,981,75,75,60,75,30,25,25,25,15,15,15,15,2006-07-13 18:00:00
EP042004,              CELIA,20040722,600,  , HU,16.3N,121.5W,75,981,70,70,70,70,35,35,35,35,15,15,15,15,2004-07-22 06:00:00
EP012005,             ADRIAN,20050519,1700, I, HU,12.5N,90.7W,70,982,-999,-999,-999,-999,-999,-999,-999,-999,-999,-999,-999,-999,2005-05-19 17:00:00
EP171990,            NORBERT,19900915,600,  , HU,21.1N,124.4W,70,983,-999,-999,-999,-999,-999,-999,-999,-999,-999,-999,-999,-999,1990-09-15 06:00:00
EP052013,              ERICK,20130706,1200,  , HU,17.4N,104.0W,70,983,90,60,40,60,30,30,20,30,15,0,0,0,2013-07-06 12:00:00
EP022013,            BARBARA,20130529,1950, L, HU,16.0N,94.0W,70,983,60,60,50,50,30,30,20,20,20,20,0,0,2013-05-29 19:50:00
EP132013,             MANUEL,20130919,600,  , HU,24.5N,108.2W,65,983,50,40,40,40,20,20,0,20,15,10,0,0,2013-09-19 06:00:00
EP081991,          GUILLERMO,19910806,1800,  , HU,16.5N,110.2W,70,983,-999,-999,-999,-999,-999,-999,-999,-999,-999,-999,-999,-999,1991-08-06 18:00:00
EP101995,             ISMAEL,19950914,1200,  , HU,20.8N,108.5W,70,983,-999,-999,-999,-999,-999,-999,-999,-999,-999,-999,-999,-999,1995-09-14 12:00:00
EP102000,             HECTOR,20000814,1200,  , HU,19.1N,119.3W,70,983,-999,-999,-999,-999,-999,-999,-999,-999,-999,-999,-999,-999,2000-08-14 12:00:00
EP112014,             KARINA,20140823,1200,  , HU,17.0N,134.3W,75,983,50,60,60,50,20,30,30,20,10,10,10,10,2014-08-23 12:00:00
EP072012,              GILMA,20120809,600,  , HU,16.3N,118.3W,70,984,70,70,50,60,40,30,20,30,20,0,0,0,2012-08-09 06:00:00
EP022009,             ANDRES,20090623,600,  , HU,17.2N,103.1W,70,984,60,60,45,45,30,30,30,30,15,15,15,15,2009-06-23 06:00:00
EP162003,           PATRICIA,20031022,0,  , HU,11.7N,105.0W,70,984,-999,-999,-999,-999,-999,-999,-999,-999,-999,-999,-999,-999,2003-10-22 00:00:00
EP142008,              MARIE,20081004,600,  , HU,17.9N,122.2W,70,984,90,45,45,75,45,35,0,0,30,0,0,0,2008-10-04 06:00:00
EP122007,                IVO,20070921,600,  , HU,18.8N,113.6W,70,984,75,65,30,60,60,30,10,25,15,15,0,0,2007-09-21 06:00:00
EP021989,            BARBARA,19890618,1200,  , HU,16.4N,111.1W,70,984,-999,-999,-999,-999,-999,-999,-999,-999,-999,-999,-999,-999,1989-06-18 12:00:00
EP042013,             DALILA,20130702,1800,  , HU,18.4N,107.0W,70,984,60,60,50,60,30,30,20,30,20,20,10,20,2013-07-02 18:00:00
EP032011,             CALVIN,20110709,0,  , HU,16.7N,109.1W,70,984,75,60,40,75,35,30,25,30,25,20,15,20,2011-07-09 00:00:00
EP092000,              GILMA,20000808,1200,  , HU,19.0N,118.3W,70,984,-999,-999,-999,-999,-999,-999,-999,-999,-999,-999,-999,-999,2000-08-08 12:00:00
EP041995,              COSME,19950720,0,  , HU,21.5N,116.5W,65,985,-999,-999,-999,-999,-999,-999,-999,-999,-999,-999,-999,-999,1995-07-20 00:00:00
EP072013,                GIL,20130802,0,  , HU,14.4N,125.8W,75,985,50,30,30,50,30,20,20,30,20,0,0,10,2013-08-02 00:00:00
EP122012,               LANE,20120918,0,  , HU,18.0N,127.4W,75,985,70,70,40,40,30,30,20,20,15,15,10,10,2012-09-18 00:00:00
CP022014,                ANA,20141018,600,  , HU,17.5N,157.0W,75,985,80,60,40,100,40,20,10,40,20,10,0,20,2014-10-18 06:00:00
EP122006,             KRISTY,20060831,1200,  , HU,17.8N,116.4W,70,985,60,60,60,60,30,30,30,30,15,15,0,15,2006-08-31 12:00:00
EP152009,              LINDA,20090910,0,  , HU,16.8N,129.2W,70,985,135,75,75,120,45,45,60,60,0,20,30,0,2009-09-10 00:00:00
EP141992,             LESTER,19920823,0,  , HU,25.0N,114.0W,70,985,-999,-999,-999,-999,-999,-999,-999,-999,-999,-999,-999,-999,1992-08-23 00:00:00
EP022008,              BORIS,20080702,600,  , HU,15.7N,126.2W,70,985,75,75,75,60,45,45,45,35,30,30,30,30,2008-07-02 06:00:00
EP111992,             JAVIER,19920806,0,  , HU,18.5N,129.6W,70,985,-999,-999,-999,-999,-999,-999,-999,-999,-999,-999,-999,-999,1992-08-06 00:00:00
EP121999,               GREG,19990907,0,  , HU,21.9N,109.0W,65,986,-999,-999,-999,-999,-999,-999,-999,-999,-999,-999,-999,-999,1999-09-07 00:00:00
EP151990,             LOWELL,19900828,0,  , HU,19.1N,116.2W,65,986,-999,-999,-999,-999,-999,-999,-999,-999,-999,-999,-999,-999,1990-08-28 00:00:00
EP111994,             ILEANA,19940812,1800,  , HU,21.0N,111.2W,65,986,-999,-999,-999,-999,-999,-999,-999,-999,-999,-999,-999,-999,1994-08-12 18:00:00
EP111976,           KATHLEEN,19760910,0,  , HU,25.0N,114.0W,70,986,-999,-999,-999,-999,-999,-999,-999,-999,-999,-999,-999,-999,1976-09-10 00:00:00
EP191992,              PAINE,19920913,1800,  , HU,17.8N,122.8W,65,987,-999,-999,-999,-999,-999,-999,-999,-999,-999,-999,-999,-999,1992-09-13 18:00:00
EP052001,             DALILA,20010724,1200,  , HU,18.2N,109.0W,65,987,-999,-999,-999,-999,-999,-999,-999,-999,-999,-999,-999,-999,2001-07-24 12:00:00
EP082008,          GENEVIEVE,20080725,1200,  , HU,16.3N,115.2W,65,987,60,45,60,75,35,30,30,35,20,0,0,20,2008-07-25 12:00:00
EP062007,              COSME,20070716,1800,  , HU,14.4N,130.9W,65,987,80,60,80,80,40,20,40,40,20,0,0,20,2007-07-16 18:00:00
EP061991,            ENRIQUE,19910717,600,  , HU,12.6N,121.5W,65,987,-999,-999,-999,-999,-999,-999,-999,-999,-999,-999,-999,-999,1991-07-17 06:00:00
EP122003,              LINDA,20030915,1800,  , HU,19.7N,113.2W,65,987,-999,-999,-999,-999,-999,-999,-999,-999,-999,-999,-999,-999,2003-09-15 18:00:00
EP172015,              MARTY,20150928,1800,  , HU,16.6N,102.4W,70,987,80,60,40,70,40,20,20,30,15,15,10,10,2015-09-28 18:00:00
EP122004,               ISIS,20040915,1200,  , HU,17.8N,131.8W,65,987,90,50,50,90,40,25,25,40,15,15,15,15,2004-09-15 12:00:00
EP152003,               OLAF,20031005,1200,  , HU,16.5N,104.2W,65,987,-999,-999,-999,-999,-999,-999,-999,-999,-999,-999,-999,-999,2003-10-05 12:00:00
EP132005,                MAX,20050920,0,  , HU,18.0N,117.4W,65,987,120,120,100,75,60,60,50,40,20,20,20,20,2005-09-20 00:00:00
EP201990,               POLO,19900930,600,  , HU,15.0N,139.0W,65,987,-999,-999,-999,-999,-999,-999,-999,-999,-999,-999,-999,-999,1990-09-30 06:00:00
CP012013,               PEWA,20130819,600,  , HU,13.9N,178.0E,65,987,65,60,60,65,30,30,30,30,10,10,10,10,2013-08-19 06:00:00
EP131999,             HILARY,19990920,600,  , HU,21.6N,114.0W,65,987,-999,-999,-999,-999,-999,-999,-999,-999,-999,-999,-999,-999,1999-09-20 06:00:00
EP131998,                KAY,19981013,1800,  , HU,16.0N,118.5W,65,987,-999,-999,-999,-999,-999,-999,-999,-999,-999,-999,-999,-999,1998-10-13 18:00:00
EP101998,               ISIS,19980902,1800,  , HU,24.1N,109.2W,65,988,-999,-999,-999,-999,-999,-999,-999,-999,-999,-999,-999,-999,1998-09-02 18:00:00
EP151989,             LORENA,19890901,600,  , HU,20.6N,115.5W,65,989,-999,-999,-999,-999,-999,-999,-999,-999,-999,-999,-999,-999,1989-09-01 06:00:00
EP112013,               KIKO,20130901,1200,  , HU,21.0N,115.6W,65,989,60,50,40,40,30,20,0,20,20,10,0,10,2013-09-01 12:00:00
EP122001,               KIKO,20010923,1200,  , HU,18.2N,123.3W,65,990,-999,-999,-999,-999,-999,-999,-999,-999,-999,-999,-999,-999,2001-09-23 12:00:00
EP051990,              ELIDA,19900629,0,  , HU,19.8N,113.4W,70,990,-999,-999,-999,-999,-999,-999,-999,-999,-999,-999,-999,-999,1990-06-29 00:00:00
EP082014,             HERNAN,20140727,1800,  , HU,18.3N,111.7W,65,992,50,50,40,50,30,20,20,20,10,10,0,10,2014-07-27 18:00:00
EP031988,           CARLOTTA,19880711,600,  , HU,17.3N,114.5W,65,994,-999,-999,-999,-999,-999,-999,-999,-999,-999,-999,-999,-999,1988-07-11 06:00:00
